Nombre,Plataforma,AÃ±o,Genero,Editorial,Ventas NA,Ventas EU,Ventas JP,Ventas Otros,Ventas Global,Ventas_Regional_Total,Decada,Exito
Wii Sports,Wii,2006,Sports,Nintendo,41.49,29.02,3.77,8.46,82.74,82.74000000000001,2000,True
Super Mario Bros.,NES,1985,Platform,Nintendo,29.08,3.58,6.81,0.77,40.24,40.24,1980,True
Mario Kart Wii,Wii,2008,Racing,Nintendo,15.85,12.88,3.79,3.31,35.82,35.830000000000005,2000,True
Wii Sports Resort,Wii,2009,Sports,Nintendo,15.75,11.01,3.28,2.96,33.0,33.0,2000,True
Tetris,GB,1989,Puzzle,Nintendo,23.2,2.26,4.22,0.58,30.26,30.259999999999998,1980,True
New Super Mario Bros.,DS,2006,Platform,Nintendo,11.38,9.23,6.5,2.9,30.01,30.009999999999998,2000,True
Duck Hunt,NES,1984,Shooter,Nintendo,26.93,0.63,0.28,0.47,28.31,28.31,1980,True
Nintendogs,DS,2005,Simulation,Nintendo,9.07,11.0,1.93,2.75,24.76,24.75,2000,True
Pokemon Gold/Pokemon Silver,GB,1999,Role-Playing,Nintendo,9.0,6.18,7.2,0.71,23.1,23.09,1990,True
Wii Fit Plus,Wii,2009,Sports,Nintendo,9.09,8.59,2.53,1.79,22.0,22.0,2000,True
